City_ID,City,Lat,Lng,Max Temp,Humidity,Cloudiness,Wind Speed,Country,Date
0,selebi-phikwe,-21.979,27.8498,295.44,51,76,4.35,BW,1699120966
1,yarmouth,41.7057,-70.2286,290.35,58,0,4.63,US,1699120966
2,fort bragg,35.139,-79.006,296.29,39,0,2.57,US,1699120966
3,uturoa,-16.7333,-151.4333,298.54,84,88,8.09,PF,1699120967
4,howard springs,-12.497,131.047,300.1,86,99,2.39,AU,1699120967
5,nabire,-3.3667,135.4833,297.37,88,100,1.29,ID,1699120967
6,arkhangel'sk,64.5401,40.5433,269.89,96,98,4.57,RU,1699120968
7,ust-nera,64.5667,143.2,258.06,98,100,3.22,RU,1699120968
8,georgetown,5.4112,100.3354,300.34,92,20,1.03,MY,1699120670
9,margaret river,-33.95,115.0667,292.51,47,47,3.74,AU,1699120968
10,port alfred,-33.5906,26.891,289.36,86,57,0.45,ZA,1699120969
11,punta arenas,-53.15,-70.9167,282.21,61,75,10.29,CL,1699120711
12,segezha,63.7415,34.3222,273.08,88,92,7.26,RU,1699120969
13,yellowknife,62.456,-114.3525,268.38,98,100,3.6,CA,1699120782
14,houghton,47.1219,-88.569,279.08,62,20,6.17,US,1699120830
15,chongwe,-15.3292,28.682,295.78,40,64,2.35,ZM,1699120970
16,tamiahua,21.2667,-97.45,298.71,68,92,1.97,MX,1699120970
17,edinburgh of the seven seas,-37.0676,-12.3116,285.21,73,53,12.95,SH,1699120970
18,iqaluit,63.7506,-68.5145,269.0,68,100,7.2,CA,1699120922
19,iskateley,67.6803,53.1512,268.72,95,11,4.92,RU,1699120970
20,thompson,55.7435,-97.8558,264.24,73,100,2.06,CA,1699120971
21,kiunga,-6.1219,141.2906,295.7,100,99,0.7,PG,1699120971
22,isafjordur,66.0755,-23.124,276.17,81,100,8.75,IS,1699120971
23,ushuaia,-54.8,-68.3,279.96,72,100,4.47,AR,1699120733
24,ust'-ordynskiy,52.805,104.7508,260.0,94,16,1.63,RU,1699120971
25,coquimbo,-29.9533,-71.3436,290.0,63,75,4.63,CL,1699120842
26,vielsalm,50.2841,5.915,282.96,89,100,7.81,BE,1699120972
27,samana,19.2056,-69.3369,305.27,70,40,4.12,DO,1699120972
28,isangel,-19.55,169.2667,295.34,85,100,5.78,VU,1699120972
29,puerto natales,-51.7236,-72.4875,285.4,47,75,12.35,CL,1699120791
30,susuman,62.7833,148.1667,259.81,93,100,1.79,RU,1699120972
31,hithadhoo,-0.6,73.0833,300.51,80,91,6.78,MV,1699120973
32,wailua homesteads,22.0669,-159.378,297.45,96,9,1.79,US,1699120973
33,whitehorse,60.7161,-135.0538,273.04,92,100,1.03,CA,1699120922
34,stanley,54.868,-1.6985,281.92,94,75,3.09,GB,1699120973
35,west island,-12.1568,96.8225,299.14,83,40,6.17,CC,1699120973
36,port mathurin,-19.6833,63.4167,297.83,74,89,3.24,MU,1699120974
37,tiksi,71.6872,128.8694,252.92,96,98,4.1,RU,1699120974
38,m'sila,35.7058,4.5419,291.28,49,2,0.23,DZ,1699120974
39,turuntayevo,52.2,107.6167,257.2,78,5,0.42,RU,1699120974
40,grytviken,-54.2811,-36.5092,273.94,72,9,2.73,GS,1699120974
41,luderitz,-26.6481,15.1594,289.9,78,0,5.66,NA,1699120975
42,luwuk,-0.9516,122.7875,298.41,76,18,1.34,ID,1699120975
43,port-aux-francais,-49.35,70.2167,277.24,87,100,14.69,TF,1699120975
44,vorgashor,67.5833,63.95,265.91,90,61,7.23,RU,1699120975
45,port lincoln,-34.7333,135.8667,285.5,83,12,6.16,AU,1699120975
46,burang,30.25,81.1667,273.44,48,6,1.16,CN,1699120976
47,roma,43.2128,-75.4557,286.46,67,100,2.06,US,1699120805
48,kodiak,57.79,-152.4072,278.88,87,100,1.54,US,1699120744
49,malango,-2.9627,119.9001,292.31,97,99,0.77,ID,1699120976
50,waitangi,-43.9535,-176.5597,285.27,97,52,0.89,NZ,1699120976
51,papatowai,-46.5619,169.4708,279.18,84,81,2.07,NZ,1699120977
52,laibin,23.7,109.2667,296.21,90,13,1.63,CN,1699120977
53,meadow lakes,61.6247,-149.6011,276.96,78,100,1.06,US,1699120977
54,kapa'a,22.0752,-159.319,298.2,79,7,1.79,US,1699120977
55,nieuw amsterdam,5.8833,-55.0833,308.24,52,40,2.06,SR,1699120977
56,bilibino,68.0546,166.4372,252.23,99,43,2.22,RU,1699120978
57,sittwe,20.15,92.9,298.74,77,26,2.82,MM,1699120978
58,bay roberts,47.5999,-53.2648,285.18,79,98,4.92,CA,1699120978
59,avarua,-21.2078,-159.775,295.18,60,20,4.63,CK,1699120978
60,rochester,43.1548,-77.6156,285.25,74,100,2.06,US,1699120742
61,wisconsin rapids,44.3836,-89.8174,281.11,55,0,2.57,US,1699120978
62,albany,42.6001,-73.9662,287.39,57,100,0.2,US,1699120948
63,olonkinbyen,70.9221,-8.7187,273.09,91,100,13.7,SJ,1699120979
64,ta`u,-14.2336,-169.5144,299.72,81,99,10.09,AS,1699120979
65,utrik,11.2278,169.8474,301.1,76,92,9.08,MH,1699120984
66,bredasdorp,-34.5322,20.0403,289.13,83,87,2.79,ZA,1699120985
67,villamontes,-21.25,-63.5,301.0,28,46,2.17,BO,1699120985
68,arteche,12.2645,125.4048,299.46,88,38,2.35,PH,1699120986
69,masterton,-40.9597,175.6575,284.2,86,80,0.73,NZ,1699120986
70,griffith,41.5284,-87.4237,289.34,67,75,4.63,US,1699120986
71,puerto ayora,-0.7393,-90.3518,303.13,84,73,3.13,EC,1699120986
72,adamstown,-25.066,-130.1015,295.67,74,68,6.83,PN,1699120987
73,kharp,66.8014,65.8081,264.49,92,39,3.76,RU,1699120987
74,rongelap,11.1635,166.8941,301.48,75,87,8.77,MH,1699120988
75,blackmans bay,-43.0167,147.3167,281.77,87,69,1.21,AU,1699120988
76,taseyevo,57.2169,94.8978,268.34,59,100,3.13,RU,1699120988
77,chonchi,-42.6128,-73.8092,284.71,98,100,2.69,CL,1699120989
78,sassandra,4.95,-6.0833,299.53,83,26,3.13,CI,1699120989
79,khandyga,62.6667,135.6,253.21,99,100,0.56,RU,1699120990
80,mount isa,-20.7333,139.5,299.02,14,33,5.66,AU,1699120884
81,tulu bolo,8.6667,38.2167,287.85,85,97,3.24,ET,1699120990
82,keflavik,64.0049,-22.5624,277.39,70,75,9.77,IS,1699120991
83,saldanha,-33.0117,17.9442,291.18,84,100,6.4,ZA,1699120991
84,vernon,50.2581,-119.2691,281.09,89,100,3.09,CA,1699120798
85,hawaiian paradise park,19.5933,-154.9731,296.98,80,94,3.66,US,1699120991
86,guangshui,31.6199,113.9978,290.14,90,99,0.7,CN,1699120992
87,namibe,-15.1961,12.1522,294.2,82,92,2.13,AO,1699120992
88,guichon,-32.35,-57.2,294.77,41,0,3.52,UY,1699120992
89,hami,42.8,93.45,273.43,21,0,5.6,CN,1699120993
90,tura,25.5198,90.2201,292.94,75,49,1.35,IN,1699120993
91,bethel,41.3712,-73.414,288.27,53,100,0.45,US,1699120993
92,tual,-5.6667,132.75,300.44,82,48,6.66,ID,1699120993
93,saint-pierre,-21.3393,55.4781,297.35,88,83,3.36,RE,1699120994
94,praia da vitoria,38.7333,-27.0667,290.79,67,40,8.7,PT,1699120700
95,laguna,38.421,-121.4238,297.39,48,0,3.6,US,1699120994
96,lower sackville,44.7733,-63.6885,288.49,68,75,4.12,CA,1699120994
97,olyokminsk,60.3736,120.4264,258.18,93,98,2.33,RU,1699120995
98,oliveira dos brejinhos,-12.3169,-42.8961,302.14,53,91,0.83,BR,1699120995
99,tolanaro,-25.0319,46.9987,294.19,78,75,6.17,MG,1699120995
100,el fasher,13.6279,25.3494,303.75,20,81,2.61,SD,1699120996
101,ancud,-41.8697,-73.8203,283.99,97,100,6.81,CL,1699120996
102,san antonio de pale,-1.4014,5.6325,299.5,82,43,4.5,GQ,1699120903
103,dudinka,69.4058,86.1778,264.64,93,100,10.28,RU,1699120996
104,smithers,54.7804,-127.1743,276.33,100,100,1.54,CA,1699120985
105,bongaree,-27.0797,153.1586,294.94,80,92,4.25,AU,1699120997
106,queenstown,-31.8976,26.8753,287.99,89,77,3.48,ZA,1699120920
107,san patricio,28.017,-97.5169,301.12,45,1,2.32,US,1699120997
108,port saint john's,-31.6229,29.5448,292.34,91,100,2.99,ZA,1699120997
109,hermanus,-34.4187,19.2345,289.29,88,70,0.54,ZA,1699120998
110,ilulissat,69.2167,-51.1,270.16,46,75,3.09,GL,1699120998
111,kone,-21.0595,164.8658,292.04,89,68,2.06,NC,1699120998
112,bereznik,62.8551,42.7072,268.81,95,88,3.21,RU,1699120999
113,taksimo,56.3444,114.8794,254.94,81,58,1.2,RU,1699120999
114,aasiaat,68.7098,-52.8699,267.43,95,100,2.49,GL,1699120999
115,laughlin,35.1678,-114.573,303.71,17,0,1.54,US,1699120826
116,andrews,32.3187,-102.5457,298.38,27,0,2.57,US,1699120988
117,al muwayh,22.4333,41.7583,298.96,32,1,5.1,SA,1699121000
118,west modesto,37.6175,-121.0391,296.67,53,0,2.06,US,1699121000
119,toliara,-23.35,43.6667,299.37,60,83,6.64,MG,1699121000
120,sijunjung,-0.6876,100.9537,295.96,98,100,0.85,ID,1699121001
121,ixtapa,20.7,-105.2,304.94,67,47,2.24,MX,1699121001
122,nizhnesortymskiy,62.4397,71.7603,267.25,85,72,9.11,RU,1699121002
123,saipan,15.1355,145.701,301.54,83,75,4.12,MP,1699121002
124,udachny,66.4167,112.4,248.62,97,30,3.05,RU,1699121002
125,paphos,34.7667,32.4167,294.03,83,0,2.57,CY,1699120428
126,guaruja,-23.9931,-46.2564,298.07,35,100,2.24,BR,1699120899
127,petropavlovsk-kamchatsky,53.0452,158.6483,274.48,79,75,5.36,RU,1699121003
128,hamilton,39.1834,-84.5333,292.87,43,75,3.6,US,1699120734
129,lebu,-37.6167,-73.65,287.27,72,99,4.52,CL,1699121003
130,lively,46.4334,-81.1498,278.16,59,9,2.64,CA,1699121003
131,lethem,3.3803,-59.7968,310.65,32,98,2.95,GY,1699121004
132,nellore,14.4333,79.9667,299.81,81,100,1.46,IN,1699121004
133,klyuchi,52.2667,79.1667,276.49,96,100,3.61,RU,1699121004
134,tazacorte,28.629,-17.9293,296.01,80,40,6.69,ES,1699121005
135,mount pearl,47.5166,-52.7813,284.51,75,75,11.32,CA,1699121005
136,assab,13.0092,42.7394,301.25,75,56,9.52,ER,1699121005
137,ribeira grande,38.5167,-28.7,289.37,59,75,4.12,PT,1699121005
138,cidreira,-30.1811,-50.2056,290.28,67,97,9.06,BR,1699120937
139,gueret,46.1667,1.8667,281.3,91,86,6.19,FR,1699121006
140,howrah,22.5892,88.3103,298.15,78,40,0.0,IN,1699121006
141,harstad,68.799,16.5293,273.49,72,100,14.31,NO,1699121006
142,ataq,14.5377,46.8319,296.57,48,23,2.49,YE,1699121007
143,wanning,18.8003,110.3967,298.31,89,27,1.77,CN,1699121007
144,constantia,44.1833,28.65,289.65,75,100,13.19,RO,1699120841
145,waihee-waiehu,20.9249,-156.5076,299.43,76,10,3.58,US,1699121007
146,waddan,29.1614,16.139,298.86,18,62,3.03,LY,1699121008
147,lihue,21.9789,-159.3672,297.79,96,10,4.94,US,1699120948
148,pisco,-13.7,-76.2167,294.83,78,40,5.14,PE,1699121008
149,talnakh,69.4865,88.3972,264.38,93,100,8.49,RU,1699120934
150,kerikeri,-35.2268,173.9474,283.1,92,65,1.81,NZ,1699121008
151,sao joao da barra,-21.6403,-41.0511,302.2,73,84,8.73,BR,1699121008
152,virac,13.6333,124.2167,295.79,87,71,2.02,PH,1699121009
153,haiku-pauwela,20.9219,-156.3051,298.73,67,43,3.13,US,1699121009
154,hiratacho,35.4333,132.8167,289.16,86,100,2.86,JP,1699121009
155,gamba,-2.65,10.0,298.86,86,98,2.4,GA,1699121010
156,cabo san lucas,22.8909,-109.9124,303.01,63,100,2.39,MX,1699120906
157,sterling,39.0062,-77.4286,294.42,26,75,3.09,US,1699121010
158,mount gambier,-37.8333,140.7667,282.98,91,55,3.75,AU,1699121011
159,kot sultan,30.7737,70.9313,296.18,33,74,0.56,PK,1699121011
160,catumbela,-12.4314,13.5472,298.66,81,64,2.6,AO,1699121011
161,kalyazin,57.2403,37.8433,277.6,97,95,5.92,RU,1699121011
162,corner brook,48.9667,-57.9484,280.24,95,100,6.76,CA,1699120895
163,cooper's town,26.8667,-77.5167,296.52,85,100,2.99,BS,1699121011
164,lompoc,34.6391,-120.4579,296.4,36,0,2.57,US,1699120805
165,hauterive,46.0901,3.4459,284.81,85,100,6.78,FR,1699121012
166,bardai,11.65,7.2333,299.15,30,100,1.32,NG,1699121012
167,mejit,10.2753,170.8646,301.31,76,92,8.52,MH,1699121012
168,galdar,28.147,-15.6502,296.43,72,58,6.19,ES,1699121013
169,anadyr,64.75,177.4833,266.43,86,75,2.0,RU,1699121013
170,puerto madryn,-42.7692,-65.0385,300.49,18,100,12.2,AR,1699121013
171,college,64.8569,-147.8028,266.18,72,100,1.34,US,1699121013
172,invercargill,-46.4,168.35,278.72,97,85,0.85,NZ,1699120800
173,longyearbyen,78.2186,15.6401,263.06,67,75,4.63,SJ,1699121014
174,sao gabriel da cachoeira,-0.1303,-67.0892,305.04,62,20,2.57,BR,1699120833
175,zhanibek,49.4167,46.85,279.44,70,34,3.96,KZ,1699121014
176,san andres,12.5847,-81.7006,305.16,70,40,3.09,CO,1699120794
177,igarka,67.4667,86.5833,266.12,93,100,8.23,RU,1699121014
178,quelimane,-17.8786,36.8883,298.12,69,75,4.12,MZ,1699121015
179,tsiombe,-25.3,45.4833,294.15,70,20,8.4,MG,1699121015
180,kirakira,-10.4544,161.9205,299.4,88,99,4.23,SB,1699121015
181,riviere-du-loup,47.8304,-69.5342,277.3,52,50,2.06,CA,1699121016
182,polyarnyy,69.1989,33.4478,265.95,89,45,3.0,RU,1699121016
183,villa luvianos,18.9167,-100.4,296.86,54,71,1.77,MX,1699121016
184,sur,22.5667,59.5289,299.53,64,6,4.66,OM,1699121016
185,pacific grove,36.6177,-121.9166,296.84,61,87,4.47,US,1699120873
186,nar'yan-mar,67.6713,53.087,268.77,95,11,4.92,RU,1699121017
187,enewetak,11.3474,162.3373,301.54,78,83,9.4,MH,1699121017
188,antalaha,-14.9003,50.2788,296.99,90,100,1.79,MG,1699121017
189,riosucio,5.4216,-75.7032,294.82,61,74,0.09,CO,1699121018
190,muswellbrook,-32.2667,150.9,287.22,98,77,2.26,AU,1699121018
191,vilyuchinsk,52.9306,158.4028,275.3,77,37,4.36,RU,1699121018
192,yel'nya,54.5786,33.1837,281.24,98,100,4.36,RU,1699121018
193,punta del este,-34.9667,-54.95,290.21,73,40,7.2,UY,1699120805
194,maposeni,-10.5833,35.4,293.58,87,76,1.12,TZ,1699121019
195,kuta,-8.7233,115.1723,299.12,94,40,1.54,ID,1699121019
196,palangkaraya,-2.2,113.8333,297.37,90,80,0.86,ID,1699121019
197,jalai nur,49.45,117.7,261.31,92,85,1.79,CN,1699120933
198,ishigaki,24.3448,124.1572,299.22,78,40,4.63,JP,1699121019
199,balabac,7.9868,117.0645,301.31,76,99,2.74,PH,1699121020
200,kalmunai,7.4167,81.8167,298.77,89,96,2.4,LK,1699121020
201,digapahandi,19.3667,84.5833,296.58,90,100,0.78,IN,1699121020
202,nova sintra,14.8667,-24.7167,297.06,73,1,4.24,CV,1699121020
203,glace bay,46.1969,-59.957,286.6,72,75,8.75,CA,1699121020
204,kegen,43.0197,79.2203,275.41,52,54,2.3,KZ,1699121020
205,newborough,52.6389,-0.2233,282.6,98,40,2.06,GB,1699121021
206,quiberon,47.4841,-3.1196,287.09,85,82,12.96,FR,1699121021
207,afaahiti,-17.75,-149.2833,298.08,90,94,5.87,PF,1699121021
208,port elizabeth,-33.918,25.5701,290.55,84,0,10.29,ZA,1699121021
209,sosnovo-ozerskoye,52.5249,111.5418,259.06,84,2,1.36,RU,1699121021
210,nyurba,63.2842,118.3319,246.38,100,98,1.96,RU,1699121021
211,corinto,37.9407,22.9573,293.09,68,2,3.77,GR,1699121022
212,kailua-kona,19.6406,-155.9956,299.04,81,0,0.45,US,1699120951
213,san fernando,15.0286,120.6898,302.0,91,11,1.54,PH,1699121022
214,ramhormoz,31.28,49.6035,298.47,39,2,2.21,IR,1699121022
215,samarinda,-0.5,117.15,295.98,99,97,0.59,ID,1699121022
216,usinsk,65.9939,57.5281,269.3,96,71,7.15,RU,1699120895
217,kefamenanu,-9.4467,124.4781,293.99,91,47,1.08,ID,1699121023
218,farafangana,-22.8167,47.8333,295.24,72,100,3.26,MG,1699121023
219,cifteler,39.3831,31.0392,291.56,35,50,3.46,TR,1699121023
220,nemuro,43.3236,145.575,281.2,76,100,2.38,JP,1699121023
221,reguiba,33.5639,6.7033,296.18,38,0,1.03,DZ,1699121024
222,whitby,54.4877,-0.615,282.67,88,100,1.34,GB,1699121024
223,tofol,5.3248,163.0078,302.03,76,97,6.91,FM,1699121024
224,rikaze,29.25,88.8833,273.22,44,23,1.1,CN,1699121025
225,i-n-salah,27.1935,2.4607,301.57,11,0,1.01,DZ,1699121025
226,kingston,17.997,-76.7936,307.17,63,40,10.8,JM,1699120947
227,maydanshakhr,34.3956,68.8662,282.35,29,90,0.86,AF,1699121025
228,parkano,62.0167,23.0167,278.32,97,100,6.5,FI,1699121025
229,prineville,44.2999,-120.8345,289.29,74,0,3.6,US,1699120806
230,the pas,53.8251,-101.2541,268.16,80,100,1.54,CA,1699120979
231,bathsheba,13.2167,-59.5167,302.49,79,20,5.66,BB,1699121026
232,mahibadhoo,3.7833,72.9667,300.21,82,100,3.65,MV,1699121026
233,general conesa,-40.1,-64.4333,301.89,15,2,9.29,AR,1699121026
234,port augusta,-32.5,137.7667,286.91,52,0,2.89,AU,1699121026
235,jamestown,42.097,-79.2353,285.94,43,100,3.13,US,1699120889
236,kimbe,-5.5502,150.1429,297.16,92,99,1.62,PG,1699121027
237,qarqaraly,49.4058,75.4742,277.56,84,100,2.18,KZ,1699121027
238,vila velha,-20.3297,-40.2925,306.12,79,75,5.66,BR,1699120882
239,kayyerkan,69.3786,87.7439,264.43,92,100,9.57,RU,1699121027
240,buenavista del norte,28.3746,-16.861,298.29,72,11,4.91,ES,1699121027
241,noyabrsk,63.1994,75.4507,266.06,90,100,7.6,RU,1699121028
242,alice springs,-23.7,133.8833,292.9,22,82,3.09,AU,1699121028
243,mantua,45.1667,10.7833,285.96,89,95,3.13,IT,1699121028
244,nicoya,10.1483,-85.452,300.78,84,100,1.63,CR,1699121028
245,kenai,60.5544,-151.2583,276.56,96,100,3.75,US,1699121028
246,bodo,67.28,14.405,275.8,64,75,13.38,NO,1699121029
247,heihe,50.2441,127.4902,254.48,99,11,0.73,CN,1699121029
248,port blair,11.6667,92.75,301.17,83,40,2.06,IN,1699121029
249,yelovo,57.0538,54.9207,272.28,79,66,1.67,RU,1699121029
250,naama,33.2667,-0.3167,294.78,32,0,4.71,DZ,1699121029
251,amalapuram,16.5833,82.0167,297.96,93,100,1.89,IN,1699121029
252,nuuk,64.1835,-51.7216,272.49,69,75,4.12,GL,1699121030
253,pangai,-19.8,-174.35,297.16,87,58,9.07,TO,1699121030
254,maceio,-9.6658,-35.7353,303.84,70,20,6.17,BR,1699120836
255,codrington,-38.2667,141.9667,283.51,86,25,5.45,AU,1699121030
256,atafu village,-8.5421,-172.5159,301.88,74,69,4.84,TK,1699121030
257,berezovyy,51.6667,135.7,262.15,48,2,4.42,RU,1699121030
258,concepcion,-36.827,-73.0498,290.04,63,20,4.12,CL,1699121031
259,tsetserleg,47.475,101.4542,255.7,88,92,2.86,MN,1699121031
260,sitka,57.0531,-135.33,282.09,85,100,2.38,US,1699121031
261,troitsko-pechorsk,62.7084,56.1964,270.76,88,95,4.02,RU,1699121031
262,gornyy,55.1153,83.9059,273.69,98,100,8.28,RU,1699121031
263,paka,4.6374,103.4368,299.11,94,65,0.0,MY,1699121031
264,luganville,-15.5333,167.1667,298.7,89,99,5.63,VU,1699121031
265,chehalis,46.662,-122.964,290.18,97,100,0.89,US,1699121032
266,maun,-19.9833,23.4167,295.13,100,40,4.63,BW,1699121032
267,saujon,45.6667,-0.9167,288.7,75,35,16.97,FR,1699121032
268,palikir - national government center,6.9248,158.1611,299.75,83,96,5.87,FM,1699121032
269,tabas,33.5959,56.9244,292.27,37,24,1.03,IR,1699121032
270,tosontsengel,48.7567,98.2839,252.05,100,50,0.93,MN,1699121033
271,puerto colombia,10.9878,-74.9547,305.2,71,16,2.79,CO,1699121033
272,qarazhal,48.0078,70.7903,280.44,64,100,1.78,KZ,1699121033
273,malampaka,-3.1333,33.5333,296.58,65,100,0.64,TZ,1699121033
274,san pedro pochutla,15.7333,-96.4667,304.99,46,81,2.59,MX,1699121034
275,touros,-5.1989,-35.4608,302.02,66,17,6.28,BR,1699121034
276,brokopondo,4.75,-55.1667,306.92,45,13,0.96,SR,1699121034
277,sinabang,2.4803,96.3801,298.94,89,100,1.35,ID,1699121034
278,brownwood,31.7093,-98.9912,294.77,70,100,7.2,US,1699120987
279,geraldton,-28.7667,114.6,293.38,83,100,5.14,AU,1699121035
280,palpa,-14.5336,-75.1856,304.08,26,37,5.88,PE,1699121035
281,nadym,65.5333,72.5167,264.89,86,100,8.03,RU,1699121035
282,nam som,17.7704,102.1895,297.17,83,96,1.04,TH,1699121035
283,kirillov,59.863,38.3813,276.47,83,56,4.32,RU,1699121035
284,greymouth,-42.4667,171.2,282.48,91,82,2.53,NZ,1699121035
285,barcelos,41.5388,-8.6151,289.23,82,57,9.73,PT,1699120870
286,kelibia,36.8476,11.0939,294.29,49,20,0.0,TN,1699121036
287,puerto baquerizo moreno,-0.9,-89.6,301.7,70,75,6.69,EC,1699121036
288,botro,7.8525,-5.3106,303.86,74,81,1.37,CI,1699121036
289,nchelenge,-9.3451,28.734,295.95,80,97,0.3,ZM,1699121036
290,hadibu,12.65,54.0333,299.76,78,69,3.36,YE,1699121037
291,mrakovo,52.7161,56.6244,275.99,86,23,1.92,RU,1699121037
292,salmon arm,50.6998,-119.3024,280.55,100,100,0.51,CA,1699120900
293,sampit,-2.5333,112.95,297.42,95,89,0.77,ID,1699121037
294,farasan,16.7022,42.1183,302.84,68,73,1.03,SA,1699121038
295,bocas del toro,9.3333,-82.25,299.82,83,92,1.79,PA,1699120765
296,mandiana,10.6333,-8.6833,303.66,40,71,1.48,GN,1699121038
297,kadisehri,39.9957,35.7919,288.22,49,99,1.52,TR,1699121038
298,badger,64.8,-147.5333,266.13,72,100,1.34,US,1699121039
299,gandajika,-6.75,23.95,294.82,86,72,1.03,CD,1699121039
300,fukuecho,32.6881,128.8419,295.26,71,84,5.99,JP,1699121039
301,scarborough,54.2797,-0.4044,282.13,89,100,3.13,GB,1699120846
302,moulins,46.5,3.3333,285.08,88,85,4.62,FR,1699121040
303,akureyri,65.6835,-18.0878,275.11,87,75,7.2,IS,1699121040
304,imbituba,-28.24,-48.6703,296.65,47,0,6.66,BR,1699121040
305,leava,-14.3,-178.1667,300.52,83,99,8.59,WF,1699121040
306,rafsanjan,30.4067,55.9939,292.14,37,79,1.13,IR,1699121040
307,puerto deseado,-47.7503,-65.8938,293.24,32,100,12.29,AR,1699121041
308,tokar,18.4254,37.729,303.38,65,26,5.04,SD,1699120811
309,aykhal,66.0,111.5,253.63,89,64,3.99,RU,1699121041
310,malard,35.6659,50.9767,288.25,100,75,4.12,IR,1699121041
311,jayamkondacholapuram,11.2167,79.3667,297.81,93,99,2.3,IN,1699121041
312,yakeshi,49.2833,120.7333,259.7,97,97,0.98,CN,1699121042
313,likasi,-10.9814,26.7333,291.37,92,96,0.16,CD,1699121042
314,suntar,62.1444,117.6319,251.26,99,37,1.68,RU,1699121042
315,mar del plata,-38.0023,-57.5575,292.16,53,0,4.92,AR,1699120954
316,dawei,14.0833,98.2,298.16,92,99,1.29,MM,1699121043
317,qaqortoq,60.7167,-46.0333,272.04,72,10,2.25,GL,1699121043
318,tchintabaraden,15.8969,5.7985,303.75,13,28,1.35,NE,1699121044
319,tiassale,5.8983,-4.8283,298.22,94,81,1.56,CI,1699121045
320,raduzhny,62.0961,77.475,268.68,89,100,8.29,RU,1699121045
321,itoman,26.1247,127.6694,298.37,73,3,3.6,JP,1699121046
322,bitkine,11.9801,18.2138,301.37,41,70,0.62,TD,1699121047
323,nezhinka,51.7676,55.3694,275.24,87,0,4.02,RU,1699121047
324,plovdiv,42.15,24.75,286.32,87,20,2.57,BG,1699121047
325,holualoa,19.6228,-155.9522,297.06,77,40,2.06,US,1699121048
326,hirara,24.8,125.2833,297.07,83,20,2.06,JP,1699121048
327,mugia,43.1041,-9.2179,288.8,78,71,16.84,ES,1699121048
328,rizokarpaso,35.6,34.375,295.51,73,1,0.43,CY,1699121049
329,monteagudo,-19.8167,-63.9833,299.88,35,77,3.38,BO,1699121049
330,praia,14.9215,-23.5087,302.45,58,20,4.63,CV,1699120988
331,conceicao da barra,-18.5933,-39.7322,302.81,68,86,5.92,BR,1699121049
332,pariaman,-0.619,100.12,296.18,91,100,0.84,ID,1699121050
333,borogontsy,62.6683,131.1683,253.2,94,100,3.19,RU,1699121050
334,palopo,-2.9996,120.1921,297.51,92,100,1.92,ID,1699121050
335,fortuna,40.5982,-124.1573,293.11,87,0,5.66,US,1699121051
336,tanjung pandan,-2.75,107.65,298.69,86,44,0.9,ID,1699121051
337,al faw,29.9776,48.4741,297.15,41,0,3.34,IQ,1699121051
338,darwin,-12.4611,130.8418,300.14,80,97,1.54,AU,1699121051
339,bechar,31.6167,-2.2167,298.33,23,0,2.57,DZ,1699121052
340,mossel bay,-34.1831,22.146,290.11,86,75,4.66,ZA,1699121052
341,tyukhtet,56.5389,89.3011,272.15,72,100,6.72,RU,1699121052
342,savanna-la-mar,18.219,-78.1332,304.78,58,20,3.25,JM,1699121052
343,bo phloi,14.3236,99.5161,298.49,87,99,0.9,TH,1699121053
344,saint-philippe,-21.3585,55.7679,294.88,90,98,2.26,RE,1699121053
345,colonia,50.9333,6.95,284.12,89,40,6.17,DE,1699120759
346,santarem,-2.4431,-54.7083,307.22,59,0,5.66,BR,1699120937
347,red hill,33.9996,-79.2581,296.07,51,1,5.06,US,1699121053
348,la huacana,18.9667,-101.8167,303.75,50,59,1.46,MX,1699121053
349,lyantor,61.6195,72.1555,268.2,83,89,9.01,RU,1699121054
350,kirtland,36.7342,-108.3598,294.05,15,0,0.0,US,1699121054
351,siem reap,13.5,104.0,297.71,90,77,0.75,KH,1699121054
352,cabedelo,-6.9811,-34.8339,303.52,69,29,5.33,BR,1699121039
353,carnarvon,-24.8667,113.6333,293.9,86,0,4.89,AU,1699121055
354,kalianget,-7.05,113.9333,301.3,74,44,4.71,ID,1699121055
355,winfield,37.2398,-96.9956,291.2,66,0,2.06,US,1699121055
356,hoyerswerda,51.4333,14.25,283.82,76,85,5.46,DE,1699121056
357,nassau,40.7507,-73.5829,289.38,56,0,0.45,US,1699120873
358,saint-joseph,-21.3667,55.6167,296.74,89,91,2.94,RE,1699121056
359,alo,7.4178,6.7371,300.54,76,97,0.73,NG,1699121057
360,labytnangi,66.6572,66.4183,264.75,87,19,5.74,RU,1699121057
361,prince rupert,54.3161,-130.3201,285.2,83,100,8.23,CA,1699121058
362,magadan,59.5667,150.8,269.0,66,100,5.64,RU,1699121058
363,la passe,45.5549,-0.8967,288.72,74,37,17.05,FR,1699121058
364,brookings,44.3114,-96.7984,284.31,67,0,4.12,US,1699121058
365,dobrinka,52.1653,40.4731,281.94,74,100,7.45,RU,1699121059
366,prado,-17.3411,-39.2208,301.88,71,67,8.48,BR,1699121059
367,krnov,50.0897,17.7039,279.39,80,12,4.76,CZ,1699121059
368,loen,7.7601,168.2307,301.38,80,80,7.25,MH,1699121059
369,gadzhiyevo,69.2551,33.3362,265.38,91,52,2.87,RU,1699121060
370,kampong thom,12.7111,104.8887,298.08,86,97,1.31,KH,1699121060
371,horta,38.5333,-28.6333,288.95,69,75,4.12,PT,1699121060
372,talcahuano,-36.7167,-73.1167,289.97,63,20,4.12,CL,1699120948
373,ingeniero jacobacci,-41.3427,-69.5448,294.28,28,60,9.37,AR,1699121061
374,mkushi,-13.6202,29.3939,296.8,37,73,2.57,ZM,1699121061
375,ulsteinvik,62.3432,5.8487,284.22,68,26,3.66,NO,1699121061
376,rabo de peixe,37.8,-25.5833,289.88,99,75,5.14,PT,1699120986
377,fale old settlement,-9.3852,-171.2468,301.34,76,95,4.2,TK,1699121061
378,coihueco,-36.6167,-71.8333,293.56,49,0,2.57,CL,1699121062
379,suonenjoki,62.6167,27.1333,274.93,97,100,5.44,FI,1699121062
380,sao jose da coroa grande,-8.8978,-35.1478,301.34,67,38,6.03,BR,1699121063
381,tralee,52.2704,-9.7026,282.29,87,75,3.6,IE,1699120948
382,shimoda,34.6667,138.95,289.87,78,100,1.66,JP,1699121063
383,sorong,-0.8833,131.25,299.45,82,95,3.7,ID,1699121063
384,abbeville,50.1,1.8333,285.13,81,90,8.64,FR,1699120850
385,mitchell,43.7094,-98.0298,285.78,58,49,5.06,US,1699120807
386,pionerskiy,54.9508,20.2275,282.12,86,96,6.83,RU,1699121064
387,nuriootpa,-34.4833,139.0,284.13,69,0,4.46,AU,1699121064
388,nagqu,31.5,92.0,266.65,58,92,1.27,CN,1699121064
389,hotan,37.0997,79.9269,283.9,20,0,1.64,CN,1699121065
390,mazagao,-0.115,-51.2894,309.18,39,39,3.69,BR,1699121065
391,waingapu,-9.6567,120.2641,298.72,73,8,1.22,ID,1699121065
392,hue,16.4667,107.6,299.21,94,40,1.03,VN,1699120807
393,tshikapa,-6.4167,20.8,295.62,93,71,0.87,CD,1699121066
394,as samawah,31.332,45.2944,300.3,40,0,5.89,IQ,1699121066
395,moree,-29.4667,149.85,290.97,86,48,4.42,AU,1699121066
396,salalah,17.0151,54.0924,300.2,83,20,1.54,OM,1699121066
397,acarau,-2.8856,-40.12,303.93,60,8,8.22,BR,1699121067
398,island harbour,50.724,-1.2758,284.27,88,85,3.13,GB,1699121067
399,juneau,58.3019,-134.4197,280.98,100,100,2.78,US,1699120809
400,al jawf,29.5,38.75,297.9,38,0,4.1,SA,1699121067
401,tindouf,27.6711,-8.1474,301.4,28,0,2.57,DZ,1699121067
402,les cayes,18.2,-73.75,303.3,64,15,5.75,HT,1699121068
403,kuanda,56.3161,116.0806,251.98,89,23,0.41,RU,1699121068
404,lusambo,-4.9667,23.45,294.96,97,53,0.97,CD,1699121068
405,kayenta,36.7278,-110.2546,289.75,15,17,1.83,US,1699121068
406,dalai,45.5,124.3,269.07,25,71,3.26,CN,1699121068
407,christchurch,-43.5333,172.6333,284.79,92,100,2.57,NZ,1699120865
408,taitung city,22.7583,121.1444,297.88,80,18,2.13,TW,1699120913
409,kilindoni,-7.9139,39.6668,299.64,82,63,6.19,TZ,1699121069
410,east london,-33.0153,27.9116,290.67,82,0,0.87,ZA,1699121024
411,yayva,59.3303,57.2641,271.03,93,100,1.18,RU,1699121069
412,tamandare,-8.7597,-35.1047,301.47,66,38,5.67,BR,1699121069
413,muravlenko,63.7898,74.523,265.48,90,100,9.74,RU,1699121070
414,kapuskasing,49.4169,-82.4331,269.2,80,100,5.14,CA,1699120951
415,pendleton,45.6721,-118.7886,290.49,79,75,9.39,US,1699121038
416,sola,-13.8833,167.55,299.65,86,86,9.39,VU,1699121070
417,trincomalee,8.5711,81.2335,298.8,90,80,4.96,LK,1699121071
418,remire-montjoly,4.9167,-52.2667,306.17,62,0,6.69,GF,1699121071
419,incline village,39.2513,-119.973,289.03,56,73,2.68,US,1699121071
420,kondoa,-4.9,35.7833,294.26,67,83,3.13,TZ,1699121071
421,slavyanka,42.8633,131.3847,277.93,58,73,1.17,RU,1699121071
422,plettenberg bay,-34.0527,23.3716,289.44,86,69,4.36,ZA,1699121071
423,shakhtinsk,49.71,72.5872,279.25,88,98,2.22,KZ,1699121072
424,lauro de freitas,-12.8944,-38.3272,302.16,79,20,9.77,BR,1699121037
425,phan rang-thap cham,11.5667,108.9833,297.64,93,33,1.51,VN,1699121072
426,santa ana,33.7456,-117.8678,301.68,40,0,1.54,US,1699120945
427,ovalle,-30.5983,-71.2003,296.79,32,0,4.62,CL,1699120833
428,dzhambeyty,50.2536,52.595,279.44,68,98,4.19,KZ,1699121073
429,hazard,37.2495,-83.1932,294.28,28,37,3.26,US,1699121073
430,gwadar,25.1216,62.3254,299.6,79,0,5.33,PK,1699121073
431,portland,45.5234,-122.6762,291.12,94,100,4.02,US,1699120854
432,zeya,53.75,127.2667,260.09,59,21,1.37,RU,1699121073
433,ciudad lazaro cardenas,17.9583,-102.2,302.85,66,64,2.09,MX,1699121074
434,qamdo,31.1667,97.2333,267.49,80,99,1.33,CN,1699121074
435,solhan,38.9634,41.0293,284.22,75,5,0.82,TR,1699121074
436,moyale,3.5167,39.0584,292.54,87,98,1.37,KE,1699121075
437,george town,5.4112,100.3354,300.34,92,20,1.03,MY,1699120999
438,gazojak,41.1875,61.4036,287.98,24,98,2.81,TM,1699121075
439,egilsstadir,65.2653,-14.3948,276.1,93,100,10.8,IS,1699121075
440,tazovsky,67.4667,78.7,264.08,93,100,8.11,RU,1699121075
441,nouadhibou,20.931,-17.0347,296.14,64,1,6.69,MR,1699121076
442,xuddur,4.1213,43.8894,298.14,79,97,2.37,SO,1699121076
443,thunder bay,48.4001,-89.3168,274.14,55,40,4.63,CA,1699121030
444,bamboo flat,11.7,92.7167,301.2,83,40,2.06,IN,1699121057
445,tidjikja,18.5564,-11.4271,305.29,11,0,4.43,MR,1699121076
446,calistoga,38.5788,-122.5797,297.3,59,24,1.28,US,1699121077
447,arraial do cabo,-22.9661,-42.0278,298.13,78,75,5.66,BR,1699121077
448,rawson,-43.3002,-65.1023,300.77,18,100,11.16,AR,1699121077
449,litchfield,41.7668,-73.2501,287.38,54,100,0.45,US,1699121077
450,karratha,-20.7377,116.8463,303.35,44,27,4.38,AU,1699121078
451,diego de almagro,-26.3667,-70.05,299.86,17,0,5.89,CL,1699121078
452,burabay,53.0838,70.3138,272.46,91,97,2.84,KZ,1699121078
453,coahuayana de hidalgo,18.7,-103.6583,305.64,57,14,1.91,MX,1699121078
454,arkalyk,50.2486,66.9114,278.85,87,39,3.8,KZ,1699121079
455,jumla,29.2747,82.1838,278.75,74,2,1.55,NP,1699120984
456,sao vicente,-23.9631,-46.3919,304.25,51,100,2.24,BR,1699121079
457,novosergiyevka,52.0934,53.6528,275.07,78,6,2.98,RU,1699121079
458,worland,44.0169,-107.9554,286.79,62,0,1.54,US,1699121079
459,malakal,9.5334,31.6605,297.65,83,88,2.59,SS,1699121080
460,cascais,38.6979,-9.4215,291.68,65,40,7.2,PT,1699121080
461,yung shue wan,22.2333,114.1167,298.83,84,8,4.03,HK,1699121080
462,taltal,-25.4,-70.4833,291.6,67,12,2.93,CL,1699121080
463,belmonte,-15.8631,-38.8828,301.51,74,73,7.06,BR,1699121080
464,prince george,53.9166,-122.753,278.29,95,100,3.09,CA,1699120869
465,bakanas,44.8081,76.2772,281.04,29,65,3.29,KZ,1699121081
466,kirensk,57.7853,108.1119,261.46,52,92,2.68,RU,1699121081
467,lorengau,-2.0226,147.2712,299.55,83,87,1.51,PG,1699121081
468,izucar de matamoros,18.6,-98.4667,300.6,30,100,1.8,MX,1699120885
469,manaure,11.7751,-72.4445,304.87,62,24,5.64,CO,1699121082
470,chibougamau,49.9168,-74.3659,268.94,74,100,6.69,CA,1699120953
471,zouerate,22.7187,-12.4521,299.93,26,0,4.09,MR,1699121082
472,dabhol,17.6,73.1667,298.97,69,100,0.57,IN,1699121082
473,tyukalinsk,55.8732,72.1967,270.52,82,86,5.34,RU,1699121082
474,angaur state,6.906,134.13,301.68,75,18,2.94,PW,1699121082
475,dunedin,-45.8742,170.5036,280.82,87,99,2.46,NZ,1699120962
476,hasaki,35.7333,140.8333,294.42,74,100,1.75,JP,1699121083
477,morehead city,34.7229,-76.726,295.39,81,100,5.66,US,1699121083
478,vadso,70.0744,29.7487,265.24,93,80,4.12,NO,1699121083
479,idabel,33.8957,-94.8263,295.82,60,75,0.0,US,1699121083
480,new norfolk,-42.7826,147.0587,282.43,89,73,0.93,AU,1699121083
481,bafoussam,5.4737,10.4179,289.89,94,37,0.33,CM,1699121084
482,guilin,25.2819,110.2864,295.21,88,81,0.78,CN,1699121084
483,razole,16.4833,81.8333,297.81,93,100,1.93,IN,1699121084
484,el bauga,18.262,33.9081,305.21,28,4,5.06,SD,1699121084
485,piti village,13.4626,144.6933,301.18,86,20,2.57,GU,1699121084
486,kaliua,-5.0606,31.7936,295.83,62,94,1.19,TZ,1699121085
487,broken hill,-31.95,141.4333,286.75,28,0,4.61,AU,1699121085
488,vikhorevka,56.1201,101.1636,263.92,86,68,2.52,RU,1699121085
489,junqueiro,-9.9253,-36.4758,305.73,47,49,6.33,BR,1699121085
490,kyabe,9.4515,18.9449,297.32,82,98,1.11,TD,1699121085
491,walvis bay,-22.9575,14.5053,294.68,60,7,5.66,NA,1699121086
492,abeche,13.8292,20.8324,303.39,22,35,2.51,TD,1699121086
493,cocal,-28.6167,-49.35,296.76,42,0,4.01,BR,1699120888
494,suvorovskaya,44.1942,42.6539,287.46,88,36,3.38,RU,1699121086
495,kayangel,8.0823,134.7173,301.56,76,14,3.07,PW,1699121087
496,dryden,49.7833,-92.7503,271.31,80,100,5.66,CA,1699120957
497,porto novo,6.4965,2.6036,302.05,82,87,2.84,BJ,1699121087
498,la punta,-33.1837,-66.3127,299.56,19,0,5.61,AR,1699121087
499,sulphur springs,33.1385,-95.6011,296.6,57,12,3.73,US,1699121088
500,gizo,-8.103,156.8419,300.19,79,100,2.11,SB,1699121088
501,isheyevka,54.4167,48.2667,278.27,67,2,3.02,RU,1699121088
502,salacgriva,57.7536,24.3581,282.54,82,99,8.83,LV,1699121088
503,fort mcmurray,56.7268,-111.381,271.92,86,100,4.12,CA,1699121088
504,jayapura,-2.5333,140.7,298.81,90,100,1.56,ID,1699121088
505,amga,60.8953,131.9608,254.65,96,100,3.6,RU,1699121089
506,gurupi,-11.7292,-49.0686,309.5,32,94,1.92,BR,1699121089
507,saudarkrokur,65.7461,-19.6394,275.35,88,90,6.46,IS,1699121089
508,cam ranh,11.9214,109.1591,299.13,89,40,1.54,VN,1699121089
509,ubinskoye,55.3068,79.6802,272.02,88,100,7.74,RU,1699121089
510,st. john's,47.5649,-52.7093,284.97,75,75,11.32,CA,1699121089
511,ponta delgada,37.7333,-25.6667,290.55,59,75,5.14,PT,1699120842
512,verkhnedneprovskiy,54.9813,33.3457,280.72,98,100,4.44,RU,1699121090
513,jinghong,21.991,100.7341,293.54,87,40,0.95,CN,1699121090
514,bethanie,-26.4833,17.15,297.18,15,0,7.08,NA,1699121090
515,steinkjer,64.193,11.3851,272.67,67,100,6.76,NO,1699121090
516,sabang,5.8933,95.3214,300.5,78,91,1.67,ID,1699121090
517,carbonear,47.7332,-53.2148,285.23,76,96,10.47,CA,1699120998
518,surgut,61.25,73.4167,270.25,79,40,9.0,RU,1699121091
519,forbes,-33.3833,148.0167,288.1,84,4,3.22,AU,1699121091
520,verkhnevilyuysk,63.4453,120.3167,247.44,100,70,1.37,RU,1699121091
521,bandiagara,14.3501,-3.6104,303.1,11,3,1.45,ML,1699121091
522,kokpekty,48.75,82.4,270.82,46,100,2.43,KZ,1699121091
523,zapadnaya dvina,56.259,32.0745,280.33,97,100,3.24,RU,1699121091
524,quellon,-43.1167,-73.6167,284.21,97,100,4.44,CL,1699121091
525,alofi,-19.0595,-169.9187,298.09,73,81,4.12,NU,1699121092
526,maardu,59.4767,25.025,283.15,74,100,6.69,EE,1699121092
527,aliwal north,-30.6937,26.7114,292.13,52,80,2.69,ZA,1699121092
528,shiyan,32.6475,110.7781,286.45,93,100,1.13,CN,1699121092
529,moranbah,-22.0016,148.0466,293.46,79,14,4.78,AU,1699121092
530,marataizes,-21.0433,-40.8244,298.09,83,99,5.92,BR,1699121093
531,flying fish cove,-10.4217,105.6791,298.97,88,100,5.66,CX,1699121093
532,hassi messaoud,31.6804,6.0729,298.07,27,3,2.06,DZ,1699121093
533,strzelce opolskie,50.5107,18.3006,279.59,74,4,3.87,PL,1699121093
534,pio xii,-3.8325,-45.1525,306.65,45,73,0.63,BR,1699121082
535,lamu,-2.2717,40.902,298.99,87,96,4.83,KE,1699121093
536,noumea,-22.2763,166.4572,296.48,99,59,4.81,NC,1699121094
537,nguigmi,14.2495,13.1092,302.6,27,93,1.42,NE,1699121094
538,selfoss,63.9331,-20.9971,275.62,59,99,8.21,IS,1699121094
539,sumbe,-11.2061,13.8437,298.92,85,84,3.26,AO,1699121094
540,argo,37.6333,22.7333,293.03,64,3,2.44,GR,1699121094
541,xining,36.6167,101.7667,278.83,25,72,3.92,CN,1699121094
542,malanje,-9.5402,16.341,293.17,88,80,1.15,AO,1699121095
543,kapustin yar,48.5831,45.7372,281.44,81,9,3.77,RU,1699121095
544,dzhetygara,52.1908,61.2006,274.7,82,19,2.96,KZ,1699121095
545,ola,59.5833,151.2833,269.34,77,100,5.99,RU,1699121095
546,tionk essil,12.7856,-16.5217,306.18,71,7,4.57,SN,1699121095
547,corral de almaguer,39.7545,-3.1865,287.26,73,98,12.83,ES,1699121095
548,grants,35.1473,-107.8514,289.28,16,0,2.06,US,1699121096
549,thulamahashi,-24.7246,31.1994,297.43,46,79,1.57,ZA,1699121096
550,iganga,0.6092,33.4686,291.8,92,86,1.73,UG,1699121096
551,floro,61.5996,5.0328,284.13,58,24,5.66,NO,1699121096
552,merizo village,13.2658,144.6691,301.0,90,79,5.69,GU,1699121096
553,esfarayen,37.0765,57.5101,287.96,56,100,1.08,IR,1699121096
554,longjing,42.7714,129.4233,275.08,92,72,0.9,CN,1699121097
555,fort st. john,56.2499,-120.8529,272.09,93,100,5.14,CA,1699121097
556,manokwari,-0.8667,134.0833,299.04,82,89,1.14,ID,1699121097
557,chum phae,16.5443,102.0992,297.43,83,52,1.52,TH,1699121097
558,kuching,1.55,110.3333,301.49,90,20,0.0,MY,1699120931
559,dubrovnik,42.6481,18.0922,286.95,82,40,3.09,HR,1699120934
560,tocopilla,-22.092,-70.1979,293.44,67,9,4.02,CL,1699121097
561,torghay,49.6339,63.4981,280.52,80,30,4.57,KZ,1699121097
562,shibetsu,43.659,145.132,279.05,78,74,2.49,JP,1699120948
563,isla vista,34.4133,-119.861,302.23,63,0,2.57,US,1699121098
564,genhe,50.7833,121.5167,254.28,97,31,0.8,CN,1699121098
565,namtsy,62.7161,129.6658,253.39,90,100,4.47,RU,1699121098
566,faisalabad,31.4167,73.0833,296.39,28,83,1.19,PK,1699121098
567,makinsk,52.6292,70.4169,273.35,86,87,2.61,KZ,1699121098
568,juegang,32.3174,121.1855,293.36,91,15,3.93,CN,1699121099
569,ghadamis,30.1337,9.5007,295.55,31,2,2.62,LY,1699121099
570,eirunepe,-6.6603,-69.8736,308.35,45,71,1.07,BR,1699121099
571,bridgetown,13.1,-59.6167,302.42,79,20,5.66,BB,1699120988
572,bandar,2.05,99.75,296.19,97,100,0.99,ID,1699121099
573,inongo,-1.95,18.2667,296.5,89,97,1.48,CD,1699121099
574,ewo,-0.8725,14.8206,298.51,79,86,1.98,CG,1699121100
575,kathu,7.9178,98.3332,298.05,76,95,1.7,TH,1699121100
